neighbourhood_cleansed,Entire home/apt,Hotel room,Private room,Shared room
Campo di Marte,2.9375,,2.4444444444444446,
Centro Storico,19.13166144200627,5.555555555555555,6.079365079365079,
Gavinana Galluzzo,9.538461538461538,4.0,2.6666666666666665,
Isolotto Legnaia,2.0,,1.5,
Rifredi,1.9230769230769231,,3.0,4.0
